{
	"agcgw":{
		"backurl":"connect-dra.dbankcloud.cn",
		"url":"connect-dra.hispace.hicloud.com",
		"websocketbackurl":"connect-ws-dra.hispace.dbankcloud.cn",
		"websocketurl":"connect-ws-dra.hispace.dbankcloud.com"
	},
	"agcgw_all":{
		"CN":"connect-drcn.hispace.hicloud.com",
		"CN_back":"connect-drcn.dbankcloud.cn",
		"DE":"connect-dre.hispace.hicloud.com",
		"DE_back":"connect-dre.dbankcloud.cn",
		"RU":"connect-drru.hispace.hicloud.com",
		"RU_back":"connect-drru.dbankcloud.cn",
		"SG":"connect-dra.hispace.hicloud.com",
		"SG_back":"connect-dra.dbankcloud.cn"
	},
	"client":{
		"cp_id":"2640084000000811560",
		"product_id":"736430079244904008",
		"client_id":"614235705496842880",
		"client_secret":"8A35F8C3111CE125D953C8111D8616791AAB17C912D89C37458D2A6B6EAFD2F1",
		"project_id":"736430079244904008",
		"app_id":"104276879",
		"api_key":"CgB6e3x9mgiak3VWsuSt3uIvrjjIi8w97w/wDy7Fk+4DINDz4+4ahnorGIaROX632CTk9dJTX2PJWmMaVPtP8Avl",
		"package_name":"my.example.hmsdemo"
	},
	"service":{
		"analytics":{
			"collector_url":"datacollector-dra.dt.hicloud.com,datacollector-dra.dt.dbankcloud.cn",
			"resource_id":"p1",
			"channel_id":""
		},
		"search":{
			"url":"https://search-dra.cloud.huawei.com"
		},
		"cloudstorage":{
			"storage_url":"https://ops-dra.agcstorage.link"
		},
		"ml":{
			"mlservice_url":"ml-api-dra.ai.dbankcloud.com,ml-api-dra.ai.dbankcloud.cn"
		}
	},
	"region":"SG",
	"configuration_version":"2.0",
	"appInfos":[
		{
			"package_name":"my.example.hmsdemo",
			"app_id":"104276879"
		}
	]
}